Compound Name,DiscoveRx Gene Symbol,Entrez Gene Symbol,Percent Control,Compound Concentration (nM)
XXX00001,AAK1,AAK1,22,1000
XXX00001,ABL1(E255K)-phosphorylated,ABL1,99,1000
XXX00001,ABL1(F317I)-nonphosphorylated,ABL1,91,1000
XXX00001,ABL1(F317I)-phosphorylated,ABL1,26,1000
XXX00001,ABL1(F317L)-nonphosphorylated,ABL1,22,1000
XXX00001,ABL1(F317L)-phosphorylated,ABL1,0,1000
XXX00001,ABL1(H396P)-nonphosphorylated,ABL1,7,1000
XXX00001,ABL1(H396P)-phosphorylated,ABL1,45,1000
XXX00001,ABL1(M351T)-phosphorylated,ABL1,63,1000
XXX00001,ABL1(Q252H)-nonphosphorylated,ABL1,58,1000
XXX00001,ABL1(Q252H)-phosphorylated,ABL1,70,1000
XXX00001,ABL1(T315I)-nonphosphorylated,ABL1,94,1000
XXX00001,ABL1(T315I)-phosphorylated,ABL1,91,1000
XXX00001,ABL1(Y253F)-phosphorylated,ABL1,54,1000
XXX00001,ABL1-nonphosphorylated,ABL1,84,1000
XXX00001,ABL1-phosphorylated,ABL1,43,1000
XXX00001,ABL2,ABL2,48,1000
XXX00001,ACVR1,ACVR1,8,1000
XXX00001,ACVR1B,ACVR1B,90,1000
XXX00001,ACVR2A,ACVR2A,19,1000
XXX00001,ACVR2B,ACVR2B,59,1000
XXX00001,ACVRL1,ACVRL1,46,1000
XXX00001,ADCK3,CABC1,16,1000
XXX00001,ADCK4,ADCK4,71,1000
XXX00001,AKT1,AKT1,54,1000
XXX00001,AKT2,AKT2,60,1000
XXX00001,AKT3,AKT3,7,1000
XXX00001,ALK,ALK,76,1000
XXX00001,ALK(C1156Y),ALK,73,1000
XXX00001,ALK(L1196M),ALK,60,1000
XXX00001,AMPK-alpha1,PRKAA1,58,1000
XXX00001,AMPK-alpha2,PRKAA2,78,1000
XXX00001,ANKK1,ANKK1,13,1000
XXX00001,ARK5,NUAK1,85,1000
XXX00001,ASK1,MAP3K5,55,1000
XXX00001,ASK2,MAP3K6,2,1000
XXX00001,AURKA,AURKA,86,1000
XXX00001,AURKB,AURKB,57,1000
XXX00001,AURKC,AURKC,51,1000
XXX00001,AXL,AXL,38,1000
XXX00001,BIKE,BMP2K,52,1000
XXX00001,BLK,BLK,85,1000
XXX00001,BMPR1A,BMPR1A,56,1000
XXX00001,BMPR1B,BMPR1B,74,1000
XXX00001,BMPR2,BMPR2,56,1000
XXX00001,BMX,BMX,54,1000
XXX00001,BRAF,BRAF,51,1000
XXX00001,BRAF(V600E),BRAF,86,1000
XXX00001,BRK,PTK6,15,1000
XXX00001,BRSK1,BRSK1,44,1000
XXX00001,BRSK2,BRSK2,9,1000
XXX00001,BTK,BTK,32,1000
XXX00001,BUB1,BUB1,29,1000
XXX00001,CAMK1,CAMK1,79,1000
XXX00001,CAMK1B,PNCK,16,1000
XXX00001,CAMK1D,CAMK1D,78,1000
XXX00001,CAMK1G,CAMK1G,38,1000
XXX00001,CAMK2A,CAMK2A,76,1000
XXX00001,CAMK2B,CAMK2B,45,1000
XXX00001,CAMK2D,CAMK2D,4,1000
XXX00001,CAMK2G,CAMK2G,84,1000
XXX00001,CAMK4,CAMK4,31,1000
XXX00001,CAMKK1,CAMKK1,38,1000
XXX00001,CAMKK2,CAMKK2,100,1000
XXX00001,CASK,CASK,5,1000
XXX00001,CDC2L1,CDK11B,98,1000
XXX00001,CDC2L2,CDC2L2,54,1000
XXX00001,CDC2L5,CDK13,100,1000
XXX00001,CDK11,CDK19,52,1000
XXX00001,CDK2,CDK2,100,1000
XXX00001,CDK3,CDK3,62,1000
XXX00001,CDK4,CDK4,19,1000
XXX00001,CDK4-cyclinD1,CDK4,35,1000
XXX00001,CDK4-cyclinD3,CDK4,30,1000
XXX00001,CDK5,CDK5,66,1000
XXX00001,CDK7,CDK7,66,1000
XXX00001,CDK8,CDK8,87,1000
XXX00001,CDK9,CDK9,29,1000
XXX00001,CDKL1,CDKL1,4,1000
XXX00001,CDKL2,CDKL2,53,1000
XXX00001,CDKL3,CDKL3,47,1000
XXX00001,CDKL5,CDKL5,12,1000
XXX00001,CHEK1,CHEK1,91,1000
XXX00001,CHEK2,CHEK2,63,1000
XXX00001,CIT,CIT,34,1000
XXX00001,CLK1,CLK1,27,1000
XXX00001,CLK2,CLK2,59,1000
XXX00001,CLK3,CLK3,59,1000
XXX00001,CLK4,CLK4,99,1000
XXX00001,CSF1R,CSF1R,31,1000
XXX00001,CSF1R-autoinhibited,CSF1R,82,1000
XXX00001,CSK,CSK,95,1000
XXX00001,CSNK1A1,CSNK1A1,26,1000
XXX00001,CSNK1A1L,CSNK1A1L,94,1000
XXX00001,CSNK1D,CSNK1D,98,1000
XXX00001,CSNK1E,CSNK1E,34,1000
XXX00001,CSNK1G1,CSNK1G1,88,1000
XXX00001,CSNK1G2,CSNK1G2,74,1000
XXX00001,CSNK1G3,CSNK1G3,60,1000
XXX00001,CSNK2A1,CSNK2A1,74,1000
XXX00001,CSNK2A2,CSNK2A2,13,1000
XXX00001,CTK,MATK,22,1000
XXX00001,DAPK1,DAPK1,87,1000
XXX00001,DAPK2,DAPK2,54,1000
XXX00001,DAPK3,DAPK3,10,1000
XXX00001,DCAMKL1,DCLK1,36,1000
XXX00001,DCAMKL2,DCLK2,43,1000
XXX00001,DCAMKL3,DCLK3,45,1000
XXX00001,DDR1,DDR1,8,1000
XXX00001,DDR2,DDR2,96,1000
XXX00001,DLK,MAP3K12,30,1000
XXX00001,DMPK,DMPK,89,1000
XXX00001,DMPK2,CDC42BPG,41,1000
XXX00001,DRAK1,STK17A,8,1000
XXX00001,DRAK2,STK17B,92,1000
XXX00001,DYRK1A,DYRK1A,27,1000
XXX00001,DYRK1B,DYRK1B,100,1000
XXX00001,DYRK2,DYRK2,97,1000
XXX00001,EGFR,EGFR,4,1000
XXX00001,EGFR(E746-A750del),EGFR,41,1000
XXX00001,EGFR(G719C),EGFR,45,1000
XXX00001,EGFR(G719S),EGFR,8,1000
XXX00001,"EGFR(L747-E749del, A750P)",EGFR,84,1000
XXX00001,"EGFR(L747-S752del, P753S)",EGFR,44,1000
XXX00001,"EGFR(L747-T751del,Sins)",EGFR,26,1000
XXX00001,EGFR(L858R),EGFR,10,1000
XXX00001,"EGFR(L858R,T790M)",EGFR,48,1000
XXX00001,EGFR(L861Q),EGFR,26,1000
XXX00001,EGFR(S752-I759del),EGFR,100,1000
XXX00001,EGFR(T790M),EGFR,71,1000
XXX00001,EIF2AK1,EIF2AK1,57,1000
XXX00001,EPHA1,EPHA1,2,1000
XXX00001,EPHA2,EPHA2,22,1000
XXX00001,EPHA3,EPHA3,50,1000
XXX00001,EPHA4,EPHA4,84,1000
XXX00001,EPHA5,EPHA5,66,1000
XXX00001,EPHA6,EPHA6,4,1000
XXX00001,EPHA7,EPHA7,55,1000
XXX00001,EPHA8,EPHA8,92,1000
XXX00001,EPHB1,EPHB1,79,1000
XXX00001,EPHB2,EPHB2,92,1000
XXX00001,EPHB3,EPHB3,2,1000
XXX00001,EPHB4,EPHB4,88,1000
XXX00001,EPHB6,EPHB6,85,1000
XXX00001,ERBB2,ERBB2,34,1000
XXX00001,ERBB3,ERBB3,13,1000
XXX00001,ERBB4,ERBB4,65,1000
XXX00001,ERK1,MAPK3,14,1000
XXX00001,ERK2,MAPK1,1,1000
XXX00001,ERK3,MAPK6,96,1000
XXX00001,ERK4,MAPK4,45,1000
XXX00001,ERK5,MAPK7,28,1000
XXX00001,ERK8,MAPK15,85,1000
XXX00001,ERN1,ERN1,69,1000
XXX00001,FAK,PTK2,20,1000
XXX00001,FER,FER,54,1000
XXX00001,FES,FES,9,1000
XXX00001,FGFR1,FGFR1,30,1000
XXX00001,FGFR2,FGFR2,92,1000
XXX00001,FGFR3,FGFR3,70,1000
XXX00001,FGFR3(G697C),FGFR3,94,1000
XXX00001,FGFR4,FGFR4,18,1000
XXX00001,FGR,FGR,48,1000
XXX00001,FLT1,FLT1,96,1000
XXX00001,FLT3,FLT3,46,1000
XXX00001,FLT3(D835H),FLT3,47,1000
XXX00001,FLT3(D835V),FLT3,60,1000
XXX00001,FLT3(D835Y),FLT3,72,1000
XXX00001,FLT3(ITD),FLT3,24,1000
XXX00001,"FLT3(ITD,D835V)",FLT3,60,1000
XXX00001,"FLT3(ITD,F691L)",FLT3,74,1000
XXX00001,FLT3(K663Q),FLT3,94,1000
XXX00001,FLT3(N841I),FLT3,9,1000
XXX00001,FLT3(R834Q),FLT3,99,1000
XXX00001,FLT3-autoinhibited,FLT3,65,1000
XXX00001,FLT4,FLT4,76,1000
XXX00001,FRK,FRK,66,1000
XXX00001,FYN,FYN,82,1000
XXX00001,GAK,GAK,97,1000
XXX00001,"GCN2(Kin.Dom.2,S808G)",EIF2AK4,49,1000
XXX00001,GRK1,GRK1,87,1000
XXX00001,GRK2,ADRBK1,17,1000
XXX00001,GRK3,ADRBK2,88,1000
XXX00001,GRK4,GRK4,29,1000
XXX00001,GRK7,GRK7,38,1000
XXX00001,GSK3A,GSK3A,76,1000
XXX00001,GSK3B,GSK3B,44,1000
XXX00001,HASPIN,GSG2,63,1000
XXX00001,HCK,HCK,61,1000
XXX00001,HIPK1,HIPK1,85,1000
XXX00001,HIPK2,HIPK2,58,1000
XXX00001,HIPK3,HIPK3,75,1000
XXX00001,HIPK4,HIPK4,79,1000
XXX00001,HPK1,MAP4K1,71,1000
XXX00001,HUNK,HUNK,22,1000
XXX00001,ICK,ICK,19,1000
XXX00001,IGF1R,IGF1R,14,1000
XXX00001,IKK-alpha,CHUK,56,1000
XXX00001,IKK-beta,IKBKB,68,1000
XXX00001,IKK-epsilon,IKBKE,81,1000
XXX00001,INSR,INSR,16,1000
XXX00001,INSRR,INSRR,39,1000
XXX00001,IRAK1,IRAK1,81,1000
XXX00001,IRAK3,IRAK3,8,1000
XXX00001,IRAK4,IRAK4,100,1000
XXX00001,ITK,ITK,20,1000
XXX00001,JAK1(JH1domain-catalytic),JAK1,11,1000
XXX00001,JAK1(JH2domain-pseudokinase),JAK1,36,1000
XXX00001,JAK2(JH1domain-catalytic),JAK2,33,1000
XXX00001,JAK3(JH1domain-catalytic),JAK3,1,1000
XXX00001,JNK1,MAPK8,89,1000
XXX00001,JNK2,MAPK9,27,1000
XXX00001,JNK3,MAPK10,42,1000
XXX00001,KIT,KIT,5,1000
XXX00001,KIT(A829P),KIT,83,1000
XXX00001,KIT(D816H),KIT,21,1000
XXX00001,KIT(D816V),KIT,53,1000
XXX00001,KIT(L576P),KIT,52,1000
XXX00001,KIT(V559D),KIT,71,1000
XXX00001,"KIT(V559D,T670I)",KIT,33,1000
XXX00001,"KIT(V559D,V654A)",KIT,8,1000
XXX00001,KIT-autoinhibited,KIT,99,1000
XXX00001,LATS1,LATS1,98,1000
XXX00001,LATS2,LATS2,50,1000
XXX00001,LCK,LCK,92,1000
XXX00001,LIMK1,LIMK1,12,1000
XXX00001,LIMK2,LIMK2,15,1000
XXX00001,LKB1,STK11,32,1000
XXX00001,LOK,STK10,34,1000
XXX00001,LRRK2,LRRK2,0,1000
XXX00001,LRRK2(G2019S),LRRK2,6,1000
XXX00001,LTK,LTK,4,1000
XXX00001,LYN,LYN,46,1000
XXX00001,LZK,MAP3K13,44,1000
XXX00001,MAK,MAK,43,1000
XXX00001,MAP3K1,MAP3K1,86,1000
XXX00001,MAP3K15,MAP3K15,81,1000
XXX00001,MAP3K2,MAP3K2,100,1000
XXX00001,MAP3K3,MAP3K3,7,1000
XXX00001,MAP3K4,MAP3K4,42,1000
XXX00001,MAP4K2,MAP4K2,58,1000
XXX00001,MAP4K3,MAP4K3,9,1000
XXX00001,MAP4K4,MAP4K4,51,1000
XXX00001,MAP4K5,MAP4K5,97,1000
XXX00001,MAPKAPK2,MAPKAPK2,7,1000
XXX00001,MAPKAPK5,MAPKAPK5,65,1000
XXX00001,MARK1,MARK1,67,1000
XXX00001,MARK2,MARK2,97,1000
XXX00001,MARK3,MARK3,0,1000
XXX00001,MARK4,MARK4,57,1000
XXX00001,MAST1,MAST1,56,1000
XXX00001,MEK1,MAP2K1,27,1000
XXX00001,MEK2,MAP2K2,9,1000
XXX00001,MEK3,MAP2K3,81,1000
XXX00001,MEK4,MAP2K4,24,1000
XXX00001,MEK5,MAP2K5,18,1000
XXX00001,MEK6,MAP2K6,81,1000
XXX00001,MELK,MELK,42,1000
XXX00001,MERTK,MERTK,77,1000
XXX00001,MET,MET,73,1000
XXX00001,MET(M1250T),MET,66,1000
XXX00001,MET(Y1235D),MET,56,1000
XXX00001,MINK,MINK1,74,1000
XXX00001,MKK7,MAP2K7,75,1000
XXX00001,MKNK1,MKNK1,93,1000
XXX00001,MKNK2,MKNK2,3,1000
XXX00001,MLCK,MYLK3,48,1000
XXX00001,MLK1,MAP3K9,90,1000
XXX00001,MLK2,MAP3K10,69,1000
XXX00001,MLK3,MAP3K11,41,1000
XXX00001,MRCKA,CDC42BPA,82,1000
XXX00001,MRCKB,CDC42BPB,24,1000
XXX00001,MST1,STK4,96,1000
XXX00001,MST1R,MST1R,13,1000
XXX00001,MST2,STK3,0,1000
XXX00001,MST3,STK24,0,1000
XXX00001,MST4,MST4,50,1000
XXX00001,MTOR,MTOR,80,1000
XXX00001,MUSK,MUSK,30,1000
XXX00001,MYLK,MYLK,72,1000
XXX00001,MYLK2,MYLK2,51,1000
XXX00001,MYLK4,MYLK4,38,1000
XXX00001,MYO3A,MYO3A,2,1000
XXX00001,MYO3B,MYO3B,78,1000
XXX00001,NDR1,STK38,67,1000
XXX00001,NDR2,STK38L,61,1000
XXX00001,NEK1,NEK1,17,1000
XXX00001,NEK10,NEK10,41,1000
XXX00001,NEK11,NEK11,35,1000
XXX00001,NEK2,NEK2,67,1000
XXX00001,NEK3,NEK3,91,1000
XXX00001,NEK4,NEK4,27,1000
XXX00001,NEK5,NEK5,32,1000
XXX00001,NEK6,NEK6,57,1000
XXX00001,NEK7,NEK7,41,1000
XXX00001,NEK9,NEK9,50,1000
XXX00001,NIK,MAP3K14,76,1000
XXX00001,NIM1,MGC42105,53,1000
XXX00001,NLK,NLK,2,1000
XXX00001,OSR1,OXSR1,47,1000
XXX00001,p38-alpha,MAPK14,15,1000
XXX00001,p38-beta,MAPK11,65,1000
XXX00001,p38-delta,MAPK13,8,1000
XXX00001,p38-gamma,MAPK12,54,1000
XXX00001,PAK1,PAK1,18,1000
XXX00001,PAK2,PAK2,95,1000
XXX00001,PAK3,PAK3,87,1000
XXX00001,PAK4,PAK4,37,1000
XXX00001,PAK6,PAK6,17,1000
XXX00001,PAK7,PAK7,83,1000
XXX00001,PCTK1,CDK16,51,1000
XXX00001,PCTK2,CDK17,18,1000
XXX00001,PCTK3,CDK18,61,1000
XXX00001,PDGFRA,PDGFRA,96,1000
XXX00001,PDGFRB,PDGFRB,41,1000
XXX00001,PDPK1,PDPK1,26,1000
XXX00001,PFCDPK1(P.falciparum),CDPK1,50,1000
XXX00001,PFPK5(P.falciparum),MAL13P1.279,54,1000
XXX00001,PFTAIRE2,CDK15,7,1000
XXX00001,PFTK1,CDK14,86,1000
XXX00001,PHKG1,PHKG1,46,1000
XXX00001,PHKG2,PHKG2,60,1000
XXX00001,PIK3C2B,PIK3C2B,1,1000
XXX00001,PIK3C2G,PIK3C2G,23,1000
XXX00001,PIK3CA,PIK3CA,29,1000
XXX00001,PIK3CA(C420R),PIK3CA,45,1000
XXX00001,PIK3CA(E542K),PIK3CA,69,1000
XXX00001,PIK3CA(E545A),PIK3CA,8,1000
XXX00001,PIK3CA(E545K),PIK3CA,17,1000
XXX00001,PIK3CA(H1047L),PIK3CA,80,1000
XXX00001,PIK3CA(H1047Y),PIK3CA,45,1000
XXX00001,PIK3CA(I800L),PIK3CA,10,1000
XXX00001,PIK3CA(M1043I),PIK3CA,41,1000
XXX00001,PIK3CA(Q546K),PIK3CA,46,1000
XXX00001,PIK3CB,PIK3CB,48,1000
XXX00001,PIK3CD,PIK3CD,43,1000
XXX00001,PIK3CG,PIK3CG,68,1000
XXX00001,PIK4CB,PI4KB,81,1000
XXX00001,PIKFYVE,PIKFYVE,79,1000
XXX00001,PIM1,PIM1,21,1000
XXX00001,PIM2,PIM2,52,1000
XXX00001,PIM3,PIM3,90,1000
XXX00001,PIP5K1A,PIP5K1A,88,1000
XXX00001,PIP5K1C,PIP5K1C,1,1000
XXX00001,PIP5K2B,PIP4K2B,27,1000
XXX00001,PIP5K2C,PIP4K2C,24,1000
XXX00001,PKAC-alpha,PRKACA,71,1000
XXX00001,PKAC-beta,PRKACB,87,1000
XXX00001,PKMYT1,PKMYT1,56,1000
XXX00001,PKN1,PKN1,42,1000
XXX00001,PKN2,PKN2,72,1000
XXX00001,PKNB(M.tuberculosis),pknB,91,1000
XXX00001,PLK1,PLK1,11,1000
XXX00001,PLK2,PLK2,97,1000
XXX00001,PLK3,PLK3,39,1000
XXX00001,PLK4,PLK4,44,1000
XXX00001,PRKCD,PRKCD,49,1000
XXX00001,PRKCE,PRKCE,59,1000
XXX00001,PRKCH,PRKCH,97,1000
XXX00001,PRKCI,PRKCI,91,1000
XXX00001,PRKCQ,PRKCQ,16,1000
XXX00001,PRKD1,PRKD1,55,1000
XXX00001,PRKD2,PRKD2,4,1000
XXX00001,PRKD3,PRKD3,28,1000
XXX00001,PRKG1,PRKG1,79,1000
XXX00001,PRKG2,PRKG2,39,1000
XXX00001,PRKR,EIF2AK2,50,1000
XXX00001,PRKX,PRKX,83,1000
XXX00001,PRP4,PRPF4B,34,1000
XXX00001,PYK2,PTK2B,28,1000
XXX00001,QSK,KIAA0999,77,1000
XXX00001,RAF1,RAF1,49,1000
XXX00001,RET,RET,88,1000
XXX00001,RET(M918T),RET,52,1000
XXX00001,RET(V804L),RET,99,1000
XXX00001,RET(V804M),RET,51,1000
XXX00001,RIOK1,RIOK1,22,1000
XXX00001,RIOK2,RIOK2,18,1000
XXX00001,RIOK3,RIOK3,91,1000
XXX00001,RIPK1,RIPK1,68,1000
XXX00001,RIPK2,RIPK2,30,1000
XXX00001,RIPK4,RIPK4,80,1000
XXX00001,RIPK5,DSTYK,17,1000
XXX00001,ROCK1,ROCK1,37,1000
XXX00001,ROCK2,ROCK2,90,1000
XXX00001,ROS1,ROS1,30,1000
XXX00001,RPS6KA4(Kin.Dom.1-N-terminal),RPS6KA4,6,1000
XXX00001,RPS6KA4(Kin.Dom.2-C-terminal),RPS6KA4,36,1000
XXX00001,RPS6KA5(Kin.Dom.1-N-terminal),RPS6KA5,32,1000
XXX00001,RPS6KA5(Kin.Dom.2-C-terminal),RPS6KA5,96,1000
XXX00001,RSK1(Kin.Dom.1-N-terminal),RPS6KA1,97,1000
XXX00001,RSK1(Kin.Dom.2-C-terminal),RPS6KA1,32,1000
XXX00001,RSK2(Kin.Dom.1-N-terminal),RPS6KA3,30,1000
XXX00001,RSK2(Kin.Dom.2-C-terminal),RPS6KA3,24,1000
XXX00001,RSK3(Kin.Dom.1-N-terminal),RPS6KA2,28,1000
XXX00001,RSK3(Kin.Dom.2-C-terminal),RPS6KA2,12,1000
XXX00001,RSK4(Kin.Dom.1-N-terminal),RPS6KA6,50,1000
XXX00001,RSK4(Kin.Dom.2-C-terminal),RPS6KA6,39,1000
XXX00001,S6K1,RPS6KB1,18,1000
XXX00001,SBK1,SBK1,6,1000
XXX00001,SGK,SGK1,1,1000
XXX00001,SgK110,SgK110,22,1000
XXX00001,SGK2,SGK2,34,1000
XXX00001,SGK3,SGK3,69,1000
XXX00001,SIK,SIK1,81,1000
XXX00001,SIK2,SIK2,87,1000
XXX00001,SLK,SLK,10,1000
XXX00001,SNARK,NUAK2,24,1000
XXX00001,SNRK,SNRK,50,1000
XXX00001,SRC,SRC,64,1000
XXX00001,SRMS,SRMS,18,1000
XXX00001,SRPK1,SRPK1,22,1000
XXX00001,SRPK2,SRPK2,42,1000
XXX00001,SRPK3,SRPK3,66,1000
XXX00001,STK16,STK16,48,1000
XXX00001,STK33,STK33,96,1000
XXX00001,STK35,STK35,2,1000
XXX00001,STK36,STK36,31,1000
XXX00001,STK39,STK39,5,1000
XXX00001,SYK,SYK,75,1000
XXX00001,TAK1,MAP3K7,55,1000
XXX00001,TAOK1,TAOK1,88,1000
XXX00001,TAOK2,TAOK2,88,1000
XXX00001,TAOK3,TAOK3,60,1000
XXX00001,TBK1,TBK1,96,1000
XXX00001,TEC,TEC,19,1000
XXX00001,TESK1,TESK1,61,1000
XXX00001,TGFBR1,TGFBR1,24,1000
XXX00001,TGFBR2,TGFBR2,90,1000
XXX00001,TIE1,TIE1,61,1000
XXX00001,TIE2,TEK,6,1000
XXX00001,TLK1,TLK1,15,1000
XXX00001,TLK2,TLK2,41,1000
XXX00001,TNIK,TNIK,76,1000
XXX00001,TNK1,TNK1,39,1000
XXX00001,TNK2,TNK2,92,1000
XXX00001,TNNI3K,TNNI3K,23,1000
XXX00001,TRKA,NTRK1,100,1000
XXX00001,TRKB,NTRK2,53,1000
XXX00001,TRKC,NTRK3,52,1000
XXX00001,TRPM6,TRPM6,76,1000
XXX00001,TSSK1B,TSSK1B,85,1000
XXX00001,TSSK3,TSSK3,52,1000
XXX00001,TTK,TTK,2,1000
XXX00001,TXK,TXK,94,1000
XXX00001,TYK2(JH1domain-catalytic),TYK2,4,1000
XXX00001,TYK2(JH2domain-pseudokinase),TYK2,2,1000
XXX00001,TYRO3,TYRO3,70,1000
XXX00001,ULK1,ULK1,69,1000
XXX00001,ULK2,ULK2,37,1000
XXX00001,ULK3,ULK3,16,1000
XXX00001,VEGFR2,KDR,97,1000
XXX00001,VPS34,PIK3C3,21,1000
XXX00001,VRK2,VRK2,6,1000
XXX00001,WEE1,WEE1,49,1000
XXX00001,WEE2,WEE2,96,1000
XXX00001,WNK1,WNK1,45,1000
XXX00001,WNK2,WNK2,15,1000
XXX00001,WNK3,WNK3,53,1000
XXX00001,WNK4,WNK4,28,1000
XXX00001,YANK1,STK32A,88,1000
XXX00001,YANK2,STK32B,70,1000
XXX00001,YANK3,STK32C,57,1000
XXX00001,YES,YES1,5,1000
XXX00001,YSK1,STK25,25,1000
XXX00001,YSK4,MAP3K19,91,1000
XXX00001,ZAK,ZAK,95,1000
XXX00001,ZAP70,ZAP70,58,1000